Workbook

Sheet Accounts
A1: RakshakPay demo bank accounts (fake data)
A2: 25 accounts on https://rakshakpay.onrender.com: 5 per bank (4 Savings + 1 Current/Merchant). Same login for everyone: password secret123, MPIN 1234, ATM PIN 4321. Balances shown are opening deposits.
A4: # | B4: Bank | C4: Customer name | D4: Account type | E4: Shop / business name | F4: Customer ID (login) | G4: Mobile (login) | H4: Account number | I4: IFSC | J4: Branch | K4: City | L4: State | M4: Opening balance (₹) | N4: PAN | O4: Aadhaar | P4: Date of birth | Q4: Gender | R4: Email | S4: Debit card number | T4: Card expiry (MM/YY) | U4: Login password | V4: MPIN | W4: ATM PIN
A5: 1 | B5: Sahyadri Bank | C5: Ananya Hegde | D5: Savings | E5: - | F5: SAHY61159262 | G5: 9811100101 | H5: 302136460545 | I5: SAHY0000001 | J5: MG Road, Bengaluru | K5: Bengaluru | L5: Karnataka | M5: 85000 | N5: AHGPH1101A | O5: 281100110011 | P5: 1996-03-14 | Q5: Female | R5: ananya.hegde@example.com | S5: 6081 0162 7399 4442 | T5: 10/31 | U5: secret123 | V5: 1234 | W5: 4321
A6: 2 | B6: Sahyadri Bank | C6: Karthik Gowda | D6: Savings | E6: - | F6: SAHY44437871 | G6: 9811100102 | H6: 302124519925 | I6: SAHY0000003 | J6: Mysuru Main, Mysuru | K6: Mysuru | L6: Karnataka | M6: 120000 | N6: KGWPG1102B | O6: 281100110022 | P6: 1991-07-22 | Q6: Male | R6: karthik.gowda@example.com | S6: 6081 0121 6544 9461 | T6: 10/31 | U6: secret123 | V6: 1234 | W6: 4321
A7: 3 | B7: Sahyadri Bank | C7: Sneha Kulkarni | D7: Savings | E7: - | F7: SAHY34026257 | G7: 9811100103 | H7: 302144563519 | I7: SAHY0000004 | J7: Shivaji Nagar, Pune | K7: Pune | L7: Maharashtra | M7: 64000 | N7: SKLPK1103C | O7: 281100110033 | P7: 1988-11-05 | Q7: Female | R7: sneha.kulkarni@example.com | S7: 6081 0117 9280 6530 | T7: 10/31 | U7: secret123 | V7: 1234 | W7: 4321
A8: 4 | B8: Sahyadri Bank | C8: Rohan Deshmukh | D8: Savings | E8: - | F8: SAHY40849414 | G8: 9811100104 | H8: 302118693691 | I8: SAHY0000005 | J8: Andheri East, Mumbai | K8: Mumbai | L8: Maharashtra | M8: 150000 | N8: RDSPD1104D | O8: 281100110044 | P8: 1993-01-30 | Q8: Male | R8: rohan.deshmukh@example.com | S8: 6081 0139 8752 7794 | T8: 10/31 | U8: secret123 | V8: 1234 | W8: 4321
A9: 5 | B9: Sahyadri Bank | C9: Ibrahim Shaikh | D9: Current (Merchant) | E9: Coastal Electronics | F9: SAHY70004422 | G9: 9811100105 | H9: 302135479492 | I9: SAHY0000006 | J9: Hampankatta, Mangaluru | K9: Mangaluru | L9: Karnataka | M9: 40000 | N9: ISHPS1105E | O9: 281100110055 | P9: 1984-09-18 | Q9: Male | R9: ibrahim.shaikh@example.com | S9: 6081 0153 7650 5409 | T9: 10/31 | U9: secret123 | V9: 1234 | W9: 4321
A10: 6 | B10: Ganga Bank | C10: Aditi Malhotra | D10: Savings | E10: - | F10: GANG99424551 | G10: 9822200201 | H10: 410282724882 | I10: GNGA0000001 | J10: Connaught Place, Delhi | K10: Delhi | L10: Delhi | M10: 95000 | N10: AMLPM2101F | O10: 382200220011 | P10: 1995-05-09 | Q10: Female | R10: aditi.malhotra@example.com | S10: 6082 0267 6006 6964 | T10: 10/31 | U10: secret123 | V10: 1234 | W10: 4321
A11: 7 | B11: Ganga Bank | C11: Vikas Tiwari | D11: Savings | E11: - | F11: GANG29658857 | G11: 9822200202 | H11: 410220201870 | I11: GNGA0000002 | J11: Hazratganj, Lucknow | K11: Lucknow | L11: Uttar Pradesh | M11: 72000 | N11: VTWPT2102G | O11: 382200220022 | P11: 1990-12-02 | Q11: Male | R11: vikas.tiwari@example.com | S11: 6082 0250 5542 8276 | T11: 10/31 | U11: secret123 | V11: 1234 | W11: 4321
A12: 8 | B12: Ganga Bank | C12: Neha Kumari | D12: Savings | E12: - | F12: GANG48736944 | G12: 9822200203 | H12: 410251180805 | I12: GNGA0000003 | J12: Fraser Road, Patna | K12: Patna | L12: Bihar | M12: 48000 | N12: NKMPK2103H | O12: 382200220033 | P12: 1997-08-27 | Q12: Female | R12: neha.kumari@example.com | S12: 6082 0296 8297 7483 | T12: 10/31 | U12: secret123 | V12: 1234 | W12: 4321
A13: 9 | B13: Ganga Bank | C13: Arnab Banerjee | D13: Savings | E13: - | F13: GANG05053817 | G13: 9822200204 | H13: 410212910836 | I13: GNGA0000004 | J13: Park Street, Kolkata | K13: Kolkata | L13: West Bengal | M13: 130000 | N13: ABNPB2104J | O13: 382200220044 | P13: 1986-04-11 | Q13: Male | R13: arnab.banerjee@example.com | S13: 6082 0210 2969 5135 | T13: 10/31 | U13: secret123 | V13: 1234 | W13: 4321
A14: 10 | B14: Ganga Bank | C14: Harpreet Singh | D14: Current (Merchant) | E14: Singh Mobile Point | F14: GANG09941548 | G14: 9822200205 | H14: 410299697184 | I14: GNGA0000001 | J14: Connaught Place, Delhi | K14: Delhi | L14: Delhi | M14: 60000 | N14: HSNPS2105K | O14: 382200220055 | P14: 1982-10-23 | Q14: Male | R14: harpreet.singh@example.com | S14: 6082 0289 5272 7633 | T14: 10/31 | U14: secret123 | V14: 1234 | W14: 4321
A15: 11 | B15: Kaveri Bank | C15: Lakshmi Priya | D15: Savings | E15: - | F15: KAVR51900778 | G15: 9833300301 | H15: 520334833160 | I15: KVRI0000001 | J15: T Nagar, Chennai | K15: Chennai | L15: Tamil Nadu | M15: 110000 | N15: LPRPP3101L | O15: 483300330011 | P15: 1994-02-16 | Q15: Female | R15: lakshmi.priya@example.com | S15: 6083 0332 5576 9193 | T15: 10/31 | U15: secret123 | V15: 1234 | W15: 4321
A16: 12 | B16: Kaveri Bank | C16: Suresh Reddy | D16: Savings | E16: - | F16: KAVR58296012 | G16: 9833300302 | H16: 520309629747 | I16: KVRI0000002 | J16: Jayanagar, Bengaluru | K16: Bengaluru | L16: Karnataka | M16: 88000 | N16: SRDPR3102M | O16: 483300330022 | P16: 1989-06-08 | Q16: Male | R16: suresh.reddy@example.com | S16: 6083 0343 0376 2393 | T16: 10/31 | U16: secret123 | V16: 1234 | W16: 4321
... A29: 25 | B29: Godavari Bank | C29: Tapas Ghosh | D29: Current (Merchant) | E29: Ghosh Sweets | F29: GODA58217461 | G29: 9855500505 | H29: 740575074005 | I29: GDVR0000005 | J29: Salt Lake, Kolkata | K29: Kolkata | L29: West Bengal | M29: 55000 | N29: TGHPG5105A | O29: 685500550055 | P29: 1981-06-15 | Q29: Male | R29: tapas.ghosh@example.com | S29: 6085 0533 8952 6487 | T29: 10/31 | U29: secret123 | V29: 1234 | W29: 4321
L30: Total | M30: =SUM(M5:M29)

Sheet Summary
A1: Accounts per bank
A3: Bank | B3: Accounts | C3: Savings | D3: Current (Merchant) | E3: Total opening balance (₹)
A4: Sahyadri Bank | B4: =COUNTIF(Accounts!$B$5:$B$29,A4) | C4: =COUNTIFS(Accounts!$B$5:$B$29,A4,Accounts!$D$5:$D$29,"Savings") | D4: =COUNTIFS(Accounts!$B$5:$B$29,A4,Accounts!$D$5:$D$29,"Current (Merchant)") | E4: =SUMIF(Accounts!$B$5:$B$29,A4,Accounts!$M$5:$M$29)
A5: Ganga Bank | B5: =COUNTIF(Accounts!$B$5:$B$29,A5) | C5: =COUNTIFS(Accounts!$B$5:$B$29,A5,Accounts!$D$5:$D$29,"Savings") | D5: =COUNTIFS(Accounts!$B$5:$B$29,A5,Accounts!$D$5:$D$29,"Current (Merchant)") | E5: =SUMIF(Accounts!$B$5:$B$29,A5,Accounts!$M$5:$M$29)
A6: Kaveri Bank | B6: =COUNTIF(Accounts!$B$5:$B$29,A6) | C6: =COUNTIFS(Accounts!$B$5:$B$29,A6,Accounts!$D$5:$D$29,"Savings") | D6: =COUNTIFS(Accounts!$B$5:$B$29,A6,Accounts!$D$5:$D$29,"Current (Merchant)") | E6: =SUMIF(Accounts!$B$5:$B$29,A6,Accounts!$M$5:$M$29)
A7: Narmada Bank | B7: =COUNTIF(Accounts!$B$5:$B$29,A7) | C7: =COUNTIFS(Accounts!$B$5:$B$29,A7,Accounts!$D$5:$D$29,"Savings") | D7: =COUNTIFS(Accounts!$B$5:$B$29,A7,Accounts!$D$5:$D$29,"Current (Merchant)") | E7: =SUMIF(Accounts!$B$5:$B$29,A7,Accounts!$M$5:$M$29)
A8: Godavari Bank | B8: =COUNTIF(Accounts!$B$5:$B$29,A8) | C8: =COUNTIFS(Accounts!$B$5:$B$29,A8,Accounts!$D$5:$D$29,"Savings") | D8: =COUNTIFS(Accounts!$B$5:$B$29,A8,Accounts!$D$5:$D$29,"Current (Merchant)") | E8: =SUMIF(Accounts!$B$5:$B$29,A8,Accounts!$M$5:$M$29)
A9: Total | B9: =SUM(B4:B8) | C9: =SUM(C4:C8) | D9: =SUM(D4:D8) | E9: =SUM(E4:E8)

Sheet How to use
A1: How to use these accounts
A3: Log in to a bank app
A4: Open the matching bank app (Sahyadri / Ganga / Kaveri / Narmada / Godavari) > Login.
A5: Customer ID or mobile: from the Accounts sheet. Password: secret123
A6: MPIN (payments and app lock): 1234. ATM PIN: 4321
A8: Set up RakshakPay (UPI) for a person
A9: RakshakPay > Get started > the person's mobile number > OTP > set a 4-digit passcode.
A10: Link bank > choose their bank > their account > enter the last 6 digits of the 'Debit card number'
A11: and the 'Card expiry' from the Accounts sheet > set a UPI PIN.
A13: Shops (Current / Merchant accounts)
A14: Each bank has one shop. Register the shop owner in RakshakPay and link the Current account,
A15: then log in to RakshakPay Business with the same mobile and passcode to get the QR + soundbox.
... A25: 'Reset everything' in the police app deletes these accounts; run tools/create_bank_customers.py to create them again.
